[
	{
		"productImage" : "images/mobiles.jpg",
		"productName" : "Mobile",
		"productStock" : 12,
		"productPrice" : 10000
	},
	{
		"productImage" : "images/headphones.jpg",
		"productName" : "Headphone",
		"productStock" : 40,
		"productPrice" : 2000
	},
	{
		"productImage" : "images/laptops.jpg",
		"productName" : "Laptop",
		"productStock" : 8,
		"productPrice" : 80000
	},
	{
		"productImage" : "images/usbCables.jpg",
		"productName" : "USB Cable",
		"productStock" : 50,
		"productPrice" : 200
	},
	{
		"productImage" : "images/powerBanks.jpg",
		"productName" : "Power Bank",
		"productStock" : 30,
		"productPrice" : 1500
	},
	{
		"productImage" : "images/watches.jpg",
		"productName" : "Watch",
		"productStock" : 25,
		"productPrice" : 3000
	}
]